loyalty_card,total_records,unique_customers,avg_flights_per_period,avg_distance_per_period,avg_points_per_period,avg_customer_salary
Aurora,79592,3429,1.3102447482159012,1978.5353553120917,2056.386320233189,77879.04626093074
Nova,131814,5671,1.306226956165506,1961.64077412111,2037.9170877145068,77656.91653390383
Star,177659,7637,1.298532582081403,1938.0613985218874,2008.7849137955297,78121.0649221261
